,date,volume
0,01-01-2015,3859
1,02-01-2015,42915
2,03-01-2015,0
3,04-01-2015,10580
4,05-01-2015,74603
5,06-01-2015,67838
6,07-01-2015,64898
7,08-01-2015,62393
8,09-01-2015,54109
9,10-01-2015,0
10,11-01-2015,10087
11,12-01-2015,70136
12,13-01-2015,68938
13,14-01-2015,59750
14,15-01-2015,59184
15,16-01-2015,50757
16,17-01-2015,0
17,18-01-2015,11832
18,19-01-2015,69552
19,20-01-2015,59398
20,21-01-2015,58312
21,22-01-2015,56161
22,23-01-2015,45572
23,24-01-2015,0
24,25-01-2015,10107
25,26-01-2015,68132
26,27-01-2015,64215
27,28-01-2015,56581
28,29-01-2015,55411
29,30-01-2015,47629
30,31-01-2015,0
31,01-02-2015,11882
32,02-02-2015,69232
33,03-02-2015,66435
34,04-02-2015,62462
35,05-02-2015,61636
36,06-02-2015,47384
37,07-02-2015,0
38,08-02-2015,12401
39,09-02-2015,65906
40,10-02-2015,60589
41,11-02-2015,51579
42,12-02-2015,50059
43,13-02-2015,42156
44,14-02-2015,0
45,15-02-2015,8989
46,16-02-2015,60477
47,17-02-2015,55064
48,18-02-2015,53161
49,19-02-2015,50790
50,20-02-2015,42643
51,21-02-2015,0
52,22-02-2015,8722
53,23-02-2015,62610
54,24-02-2015,58884
55,25-02-2015,54617
56,26-02-2015,53866
57,27-02-2015,44916
58,28-02-2015,0
59,01-03-2015,9755
60,02-03-2015,70612
61,03-03-2015,63448
62,04-03-2015,60374
63,05-03-2015,58517
64,06-03-2015,46680
65,07-03-2015,0
66,08-03-2015,11042
67,09-03-2015,65504
68,10-03-2015,58897
69,11-03-2015,56026
70,12-03-2015,53755
71,13-03-2015,44369
72,14-03-2015,0
73,15-03-2015,9757
74,16-03-2015,63799
75,17-03-2015,58842
76,18-03-2015,55080
77,19-03-2015,54123
78,20-03-2015,43564
79,21-03-2015,0
80,22-03-2015,10857
81,23-03-2015,66308
82,24-03-2015,57106
83,25-03-2015,58164
84,26-03-2015,56591
85,27-03-2015,44359
86,28-03-2015,0
87,29-03-2015,10214
88,30-03-2015,67283
89,31-03-2015,58475
90,01-04-2015,50096
91,02-04-2015,0
92,03-04-2015,0
93,04-04-2015,0
94,05-04-2015,0
95,06-04-2015,16125
96,07-04-2015,77606
97,08-04-2015,77477
98,09-04-2015,65476
99,10-04-2015,50782
100,11-04-2015,0
101,12-04-2015,12488
102,13-04-2015,72280
103,14-04-2015,64192
104,15-04-2015,61663
105,16-04-2015,57938
106,17-04-2015,46612
107,18-04-2015,0
108,19-04-2015,10799
109,20-04-2015,65519
110,21-04-2015,59341
111,22-04-2015,58354
112,23-04-2015,57240
113,24-04-2015,48348
114,25-04-2015,0
115,26-04-2015,10165
116,27-04-2015,70375
117,28-04-2015,62265
118,29-04-2015,59236
119,30-04-2015,50405
120,01-05-2015,38
121,02-05-2015,0
122,03-05-2015,9814
123,04-05-2015,79049
124,05-05-2015,71630
125,06-05-2015,61619
126,07-05-2015,62185
127,08-05-2015,48664
128,09-05-2015,0
129,10-05-2015,11898
130,11-05-2015,69252
131,12-05-2015,64520
132,13-05-2015,58154
133,14-05-2015,343
134,15-05-2015,40666
135,16-05-2015,0
136,17-05-2015,10045
137,18-05-2015,70818
138,19-05-2015,62081
139,20-05-2015,59436
140,21-05-2015,55845
141,22-05-2015,45003
142,23-05-2015,0
143,24-05-2015,0
144,25-05-2015,11068
145,26-05-2015,75398
146,27-05-2015,62360
147,28-05-2015,58866
148,29-05-2015,47931
149,30-05-2015,0
150,31-05-2015,11870
151,01-06-2015,73475
152,02-06-2015,68689
153,03-06-2015,63449
154,04-06-2015,53852
155,05-06-2015,134
156,06-06-2015,0
157,07-06-2015,14557
158,08-06-2015,72010
159,09-06-2015,72331
160,10-06-2015,58670
161,11-06-2015,55590
162,12-06-2015,43542
163,13-06-2015,0
164,14-06-2015,11151
165,15-06-2015,67071
166,16-06-2015,60789
167,17-06-2015,57581
168,18-06-2015,54535
169,19-06-2015,41823
170,20-06-2015,0
171,21-06-2015,7611
172,22-06-2015,64415
173,23-06-2015,59596
174,24-06-2015,53045
175,25-06-2015,52293
176,26-06-2015,43362
177,27-06-2015,0
178,28-06-2015,10270
179,29-06-2015,63733
180,30-06-2015,56310
181,01-07-2015,52507
182,02-07-2015,50885
183,03-07-2015,39462
184,04-07-2015,0
185,05-07-2015,9010
186,06-07-2015,57453
187,07-07-2015,51702
188,08-07-2015,50571
189,09-07-2015,47467
190,10-07-2015,38344
191,11-07-2015,0
192,12-07-2015,8527
193,13-07-2015,53905
194,14-07-2015,48178
195,15-07-2015,41592
196,16-07-2015,40173
197,17-07-2015,32424
198,18-07-2015,0
199,19-07-2015,6608
200,20-07-2015,46819
201,21-07-2015,42976
202,22-07-2015,39995
203,23-07-2015,38326
204,24-07-2015,32546
205,25-07-2015,0
206,26-07-2015,7049
207,27-07-2015,52739
208,28-07-2015,49939
209,29-07-2015,46131
210,30-07-2015,44012
211,31-07-2015,40506
212,01-08-2015,0
213,02-08-2015,9858
214,03-08-2015,56448
215,04-08-2015,64955
216,05-08-2015,62128
217,06-08-2015,52884
218,07-08-2015,42084
219,08-08-2015,0
220,09-08-2015,9946
221,10-08-2015,62701
222,11-08-2015,58091
223,12-08-2015,55506
224,13-08-2015,53419
225,14-08-2015,41465
226,15-08-2015,0
227,16-08-2015,9550
228,17-08-2015,66984
229,18-08-2015,60829
230,19-08-2015,55067
231,20-08-2015,53427
232,21-08-2015,42687
233,22-08-2015,0
234,23-08-2015,9917
235,24-08-2015,63827
236,25-08-2015,56913
237,26-08-2015,57009
238,27-08-2015,51164
239,28-08-2015,48847
240,29-08-2015,0
241,30-08-2015,12137
242,31-08-2015,67717
243,01-09-2015,67925
244,02-09-2015,62037
245,03-09-2015,58813
246,04-09-2015,46443
247,05-09-2015,0
248,06-09-2015,12181
249,07-09-2015,69625
250,08-09-2015,60624
251,09-09-2015,56475
252,10-09-2015,54522
253,11-09-2015,41525
254,12-09-2015,0
255,13-09-2015,14552
256,14-09-2015,67487
257,15-09-2015,65313
258,16-09-2015,57196
259,17-09-2015,54635
260,18-09-2015,43587
261,19-09-2015,0
262,20-09-2015,9967
263,21-09-2015,65020
264,22-09-2015,58825
265,23-09-2015,56676
266,24-09-2015,55006
267,25-09-2015,43746
268,26-09-2015,0
269,27-09-2015,11636
270,28-09-2015,66688
271,29-09-2015,59219
272,30-09-2015,58629
273,01-10-2015,57422
274,02-10-2015,45425
275,03-10-2015,0
276,04-10-2015,13800
277,05-10-2015,69128
278,06-10-2015,64638
279,07-10-2015,59953
280,08-10-2015,59839
281,09-10-2015,47668
282,10-10-2015,0
283,11-10-2015,11155
284,12-10-2015,62445
285,13-10-2015,56903
286,14-10-2015,53898
287,15-10-2015,49596
288,16-10-2015,41777
289,17-10-2015,0
290,18-10-2015,10077
291,19-10-2015,64730
292,20-10-2015,59168
293,21-10-2015,57597
294,22-10-2015,53988
295,23-10-2015,48237
296,24-10-2015,0
297,25-10-2015,10132
298,26-10-2015,66120
299,27-10-2015,61309
300,28-10-2015,56589
301,29-10-2015,54493
302,30-10-2015,44525
303,31-10-2015,0
304,01-11-2015,15635
305,02-11-2015,71825
306,03-11-2015,67644
307,04-11-2015,66166
308,05-11-2015,61664
309,06-11-2015,48118
310,07-11-2015,0
311,08-11-2015,12210
312,09-11-2015,69218
313,10-11-2015,57523
314,11-11-2015,65787
315,12-11-2015,62366
316,13-11-2015,46152
317,14-11-2015,0
318,15-11-2015,11042
319,16-11-2015,67832
320,17-11-2015,66228
321,18-11-2015,62615
322,19-11-2015,58748
323,20-11-2015,47971
324,21-11-2015,0
325,22-11-2015,12020
326,23-11-2015,69264
327,24-11-2015,65083
328,25-11-2015,64814
329,26-11-2015,62128
330,27-11-2015,56774
331,28-11-2015,0
332,29-11-2015,23191
333,30-11-2015,96850
334,01-12-2015,96030
335,02-12-2015,88801
336,03-12-2015,77695
337,04-12-2015,64453
338,05-12-2015,0
339,06-12-2015,20251
340,07-12-2015,97708
341,08-12-2015,87189
342,09-12-2015,82555
343,10-12-2015,83965
344,11-12-2015,72158
345,12-12-2015,0
346,13-12-2015,28329
347,14-12-2015,99260
348,15-12-2015,99925
349,16-12-2015,96697
350,17-12-2015,88956
351,18-12-2015,72275
352,19-12-2015,0
353,20-12-2015,28781
354,21-12-2015,95981
355,22-12-2015,61985
356,23-12-2015,32658
357,24-12-2015,0
358,25-12-2015,0
359,26-12-2015,0
360,27-12-2015,8303
361,28-12-2015,58738
362,29-12-2015,48067
363,30-12-2015,39313
364,31-12-2015,0
365,01-01-2016,0
366,02-01-2016,0
367,03-01-2016,14672
368,04-01-2016,83907
369,05-01-2016,74881
370,06-01-2016,67246
371,07-01-2016,64578
372,08-01-2016,54415
373,09-01-2016,0
374,10-01-2016,13752
375,11-01-2016,77486
376,12-01-2016,69297
377,13-01-2016,65154
378,14-01-2016,59649
379,15-01-2016,49871
380,16-01-2016,0
381,17-01-2016,11612
382,18-01-2016,71663
383,19-01-2016,63739
384,20-01-2016,61506
385,21-01-2016,57687
386,22-01-2016,49116
387,23-01-2016,0
388,24-01-2016,11445
389,25-01-2016,72064
390,26-01-2016,62712
391,27-01-2016,57498
392,28-01-2016,56007
393,29-01-2016,50491
394,30-01-2016,0
395,31-01-2016,13571
396,01-02-2016,76420
397,02-02-2016,73230
398,03-02-2016,63706
399,04-02-2016,60624
400,05-02-2016,49543
401,06-02-2016,0
402,07-02-2016,10577
403,08-02-2016,72992
404,09-02-2016,60658
405,10-02-2016,58143
406,11-02-2016,55686
407,12-02-2016,45062
408,13-02-2016,0
409,14-02-2016,10353
410,15-02-2016,66944
411,16-02-2016,55911
412,17-02-2016,50918
413,18-02-2016,49683
414,19-02-2016,42931
415,20-02-2016,0
416,21-02-2016,10376
417,22-02-2016,66007
418,23-02-2016,57917
419,24-02-2016,54172
420,25-02-2016,54287
421,26-02-2016,46359
422,27-02-2016,0
423,28-02-2016,11951
424,29-02-2016,72245
425,01-03-2016,66066
426,02-03-2016,64307
427,03-03-2016,60876
428,04-03-2016,47725
429,05-03-2016,0
430,06-03-2016,12266
431,07-03-2016,71732
432,08-03-2016,65205
433,09-03-2016,61594
434,10-03-2016,59630
435,11-03-2016,49581
436,12-03-2016,0
437,13-03-2016,13126
438,14-03-2016,69448
439,15-03-2016,64143
440,16-03-2016,58785
441,17-03-2016,60140
442,18-03-2016,47299
443,19-03-2016,0
444,20-03-2016,12408
445,21-03-2016,66548
446,22-03-2016,41239
447,23-03-2016,47787
448,24-03-2016,0
449,25-03-2016,2
450,26-03-2016,0
451,27-03-2016,0
452,28-03-2016,81
453,29-03-2016,83803
454,30-03-2016,72034
455,31-03-2016,66356
456,01-04-2016,53466
457,02-04-2016,0
458,03-04-2016,16703
459,04-04-2016,75591
460,05-04-2016,70795
461,06-04-2016,67892
462,07-04-2016,63477
463,08-04-2016,51001
464,09-04-2016,0
465,10-04-2016,12656
466,11-04-2016,71628
467,12-04-2016,66400
468,13-04-2016,63544
469,14-04-2016,65264
470,15-04-2016,50483
471,16-04-2016,0
472,17-04-2016,13645
473,18-04-2016,77717
474,19-04-2016,68184
475,20-04-2016,64515
476,21-04-2016,52557
477,22-04-2016,0
478,23-04-2016,0
479,24-04-2016,16819
480,25-04-2016,79009
481,26-04-2016,70494
482,27-04-2016,63054
483,28-04-2016,59490
484,29-04-2016,50299
485,30-04-2016,0
486,01-05-2016,14850
487,02-05-2016,81008
488,03-05-2016,75647
489,04-05-2016,62736
490,05-05-2016,1211
491,06-05-2016,50322
492,07-05-2016,0
493,08-05-2016,11777
494,09-05-2016,76125
495,10-05-2016,66152
496,11-05-2016,62730
497,12-05-2016,60436
498,13-05-2016,51360
499,14-05-2016,0
500,15-05-2016,0
501,16-05-2016,15804
502,17-05-2016,83384
503,18-05-2016,74277
504,19-05-2016,65132
505,20-05-2016,52637
506,21-05-2016,0
507,22-05-2016,12348
508,23-05-2016,76908
509,24-05-2016,70617
510,25-05-2016,62766
511,26-05-2016,59697
512,27-05-2016,45914
513,28-05-2016,0
514,29-05-2016,9660
515,30-05-2016,72716
516,31-05-2016,70942
517,01-06-2016,68183
518,02-06-2016,64022
519,03-06-2016,56133
520,04-06-2016,0
521,05-06-2016,10768
522,06-06-2016,71582
523,07-06-2016,70205
524,08-06-2016,68577
525,09-06-2016,62681
526,10-06-2016,49834
527,11-06-2016,0
528,12-06-2016,11377
529,13-06-2016,74454
530,14-06-2016,70814
531,15-06-2016,65247
532,16-06-2016,63109
533,17-06-2016,52645
534,18-06-2016,0
535,19-06-2016,11918
536,20-06-2016,74109
537,21-06-2016,64377
538,22-06-2016,60894
539,23-06-2016,56865
540,24-06-2016,44136
541,25-06-2016,0
542,26-06-2016,8497
543,27-06-2016,68676
544,28-06-2016,63230
545,29-06-2016,58919
546,30-06-2016,56702
547,01-07-2016,48703
548,02-07-2016,0
549,03-07-2016,11354
550,04-07-2016,71096
551,05-07-2016,63450
552,06-07-2016,60840
553,07-07-2016,55316
554,08-07-2016,45271
555,09-07-2016,0
556,10-07-2016,10693
557,11-07-2016,65487
558,12-07-2016,57201
559,13-07-2016,50529
560,14-07-2016,45624
561,15-07-2016,38523
562,16-07-2016,0
563,17-07-2016,8524
564,18-07-2016,57506
565,19-07-2016,49864
566,20-07-2016,42423
567,21-07-2016,38999
568,22-07-2016,35876
569,23-07-2016,0
570,24-07-2016,7619
571,25-07-2016,55064
572,26-07-2016,47634
573,27-07-2016,46982
574,28-07-2016,44169
575,29-07-2016,40769
576,30-07-2016,0
577,31-07-2016,10281
578,01-08-2016,64834
579,02-08-2016,64790
580,03-08-2016,62341
581,04-08-2016,57772
582,05-08-2016,48129
583,06-08-2016,0
584,07-08-2016,13346
585,08-08-2016,68747
586,09-08-2016,67738
587,10-08-2016,62046
588,11-08-2016,58976
589,12-08-2016,47164
590,13-08-2016,0
591,14-08-2016,13938
592,15-08-2016,71200
593,16-08-2016,64686
594,17-08-2016,60317
595,18-08-2016,59925
596,19-08-2016,47049
597,20-08-2016,0
598,21-08-2016,11669
599,22-08-2016,61361
600,23-08-2016,64816
601,24-08-2016,57989
602,25-08-2016,56392
603,26-08-2016,46253
604,27-08-2016,0
605,28-08-2016,11303
606,29-08-2016,71913
607,30-08-2016,66002
608,31-08-2016,64150
609,01-09-2016,64656
610,02-09-2016,51054
611,03-09-2016,0
612,04-09-2016,15261
613,05-09-2016,76006
614,06-09-2016,71862
615,07-09-2016,64354
616,08-09-2016,62785
617,09-09-2016,50175
618,10-09-2016,0
619,11-09-2016,13677
620,12-09-2016,72734
621,13-09-2016,62666
622,14-09-2016,59377
623,15-09-2016,59485
624,16-09-2016,47601
625,17-09-2016,0
626,18-09-2016,11662
627,19-09-2016,72168
628,20-09-2016,65777
629,21-09-2016,60873
630,22-09-2016,59033
631,23-09-2016,46709
632,24-09-2016,0
633,25-09-2016,11663
634,26-09-2016,70675
635,27-09-2016,65285
636,28-09-2016,60567
637,29-09-2016,60687
638,30-09-2016,52025
639,01-10-2016,0
640,02-10-2016,14996
641,03-10-2016,73379
642,04-10-2016,72408
643,05-10-2016,71651
644,06-10-2016,67706
645,07-10-2016,54839
646,08-10-2016,0
647,09-10-2016,17338
648,10-10-2016,76993
649,11-10-2016,71916
650,12-10-2016,66467
651,13-10-2016,62081
652,14-10-2016,53668
653,15-10-2016,0
654,16-10-2016,12506
655,17-10-2016,74311
656,18-10-2016,65733
657,19-10-2016,58996
658,20-10-2016,57734
659,21-10-2016,49308
660,22-10-2016,0
661,23-10-2016,13030
662,24-10-2016,75432
663,25-10-2016,67579
664,26-10-2016,63592
665,27-10-2016,59923
666,28-10-2016,51002
667,29-10-2016,0
668,30-10-2016,13413
669,31-10-2016,76968
670,01-11-2016,71319
671,02-11-2016,67232
672,03-11-2016,68856
673,04-11-2016,52974
674,05-11-2016,0
675,06-11-2016,19059
676,07-11-2016,79017
677,08-11-2016,76105
678,09-11-2016,77399
679,10-11-2016,67682
680,11-11-2016,54034
681,12-11-2016,0
682,13-11-2016,16046
683,14-11-2016,78581
684,15-11-2016,74268
685,16-11-2016,68741
686,17-11-2016,64884
687,18-11-2016,52896
688,19-11-2016,0
689,20-11-2016,13872
690,21-11-2016,76985
691,22-11-2016,73074
692,23-11-2016,65881
693,24-11-2016,64436
694,25-11-2016,66126
695,26-11-2016,0
696,27-11-2016,34411
697,28-11-2016,105519
698,29-11-2016,101266
699,30-11-2016,93479
700,01-12-2016,83846
701,02-12-2016,69271
702,03-12-2016,0
703,04-12-2016,21586
704,05-12-2016,95836
705,06-12-2016,90614
706,07-12-2016,88667
707,08-12-2016,81211
708,09-12-2016,71046
709,10-12-2016,0
710,11-12-2016,31914
711,12-12-2016,106443
712,13-12-2016,104331
713,14-12-2016,101274
714,15-12-2016,88888
715,16-12-2016,78347
716,17-12-2016,0
717,18-12-2016,38366
718,19-12-2016,115029
719,20-12-2016,95105
720,21-12-2016,80564
721,22-12-2016,58569
722,23-12-2016,30085
723,24-12-2016,0
724,25-12-2016,0
725,26-12-2016,3380
726,27-12-2016,50561
727,28-12-2016,49504
728,29-12-2016,44868
729,30-12-2016,38818
730,31-12-2016,0
731,01-01-2017,3523
732,02-01-2017,68807
733,03-01-2017,68741
734,04-01-2017,68004
735,05-01-2017,66535
736,06-01-2017,53762
737,07-01-2017,0
738,08-01-2017,8492
739,09-01-2017,84246
740,10-01-2017,77870
741,11-01-2017,68095
742,12-01-2017,62559
743,13-01-2017,51499
744,14-01-2017,0
745,15-01-2017,8749
746,16-01-2017,79131
747,17-01-2017,66935
748,18-01-2017,61884
749,19-01-2017,57351
750,20-01-2017,48557
751,21-01-2017,0
752,22-01-2017,10110
753,23-01-2017,76355
754,24-01-2017,66118
755,25-01-2017,60618
756,26-01-2017,57938
757,27-01-2017,49070
758,28-01-2017,0
759,29-01-2017,10681
760,30-01-2017,76543
761,31-01-2017,69024
762,01-02-2017,65161
763,02-02-2017,62546
764,03-02-2017,52818
765,04-02-2017,0
766,05-02-2017,9757
767,06-02-2017,78124
768,07-02-2017,72764
769,08-02-2017,63684
770,09-02-2017,58167
771,10-02-2017,50015
772,11-02-2017,0
773,12-02-2017,10555
774,13-02-2017,68079
775,14-02-2017,60266
776,15-02-2017,55499
777,16-02-2017,50797
778,17-02-2017,46378
779,18-02-2017,0
780,19-02-2017,10175
781,20-02-2017,67707
782,21-02-2017,66555
783,22-02-2017,60302
784,23-02-2017,56633
785,24-02-2017,48546
786,25-02-2017,0
787,26-02-2017,9914
788,27-02-2017,74191
789,28-02-2017,69887
790,01-03-2017,64885
791,02-03-2017,62537
792,03-03-2017,50264
793,04-03-2017,0
794,05-03-2017,11591
795,06-03-2017,77489
796,07-03-2017,70240
797,08-03-2017,62493
798,09-03-2017,57970
799,10-03-2017,49763
800,11-03-2017,0
801,12-03-2017,10419
802,13-03-2017,73563
803,14-03-2017,65782
804,15-03-2017,61941
805,16-03-2017,57492
806,17-03-2017,50598
807,18-03-2017,0
808,19-03-2017,10832
809,20-03-2017,76071
810,21-03-2017,68974
811,22-03-2017,60183
812,23-03-2017,58187
813,24-03-2017,46466
814,25-03-2017,0
815,26-03-2017,10127
816,27-03-2017,71712
817,28-03-2017,64777
818,29-03-2017,60813
819,30-03-2017,60287
820,31-03-2017,52373
821,01-04-2017,0
822,02-04-2017,11514
823,03-04-2017,79257
824,04-04-2017,72979
825,05-04-2017,67964
826,06-04-2017,64466
827,07-04-2017,54261
828,08-04-2017,0
829,09-04-2017,11146
830,10-04-2017,75728
831,11-04-2017,65559
832,12-04-2017,54532
833,13-04-2017,1
834,14-04-2017,1
835,15-04-2017,0
836,16-04-2017,1
837,17-04-2017,17258
838,18-04-2017,90312
839,19-04-2017,86477
840,20-04-2017,80619
841,21-04-2017,60799
842,22-04-2017,0
843,23-04-2017,15845
844,24-04-2017,80222
845,25-04-2017,76274
846,26-04-2017,67763
847,27-04-2017,63294
848,28-04-2017,52856
849,29-04-2017,0
850,30-04-2017,14306
851,01-05-2017,66176
852,02-05-2017,72822
853,03-05-2017,70875
854,04-05-2017,72761
855,05-05-2017,59797
856,06-05-2017,0
857,07-05-2017,12803
858,08-05-2017,79762
859,09-05-2017,72725
860,10-05-2017,67286
861,11-05-2017,59805
862,12-05-2017,0
863,13-05-2017,0
864,14-05-2017,18867
865,15-05-2017,85745
866,16-05-2017,79493
867,17-05-2017,67941
868,18-05-2017,64781
869,19-05-2017,53130
870,20-05-2017,0
871,21-05-2017,12035
872,22-05-2017,75649
873,23-05-2017,69940
874,24-05-2017,61236
875,25-05-2017,1830
876,26-05-2017,45916
877,27-05-2017,0
878,28-05-2017,10764
879,29-05-2017,74443
880,30-05-2017,69000
881,31-05-2017,68224
882,01-06-2017,64551
883,02-06-2017,53489
884,03-06-2017,0
885,04-06-2017,0
886,05-06-2017,13593
887,06-06-2017,82367
888,07-06-2017,81818
889,08-06-2017,74305
890,09-06-2017,55052
891,10-06-2017,0
892,11-06-2017,14551
893,12-06-2017,81931
894,13-06-2017,73866
895,14-06-2017,67498
896,15-06-2017,63840
897,16-06-2017,52918
898,17-06-2017,0
899,18-06-2017,11653
900,19-06-2017,75935
901,20-06-2017,69609
902,21-06-2017,64042
903,22-06-2017,62113
904,23-06-2017,45026
905,24-06-2017,0
906,25-06-2017,11181
907,26-06-2017,72533
908,27-06-2017,64924
909,28-06-2017,62773
910,29-06-2017,62264
911,30-06-2017,50035
912,01-07-2017,0
913,02-07-2017,11793
914,03-07-2017,76334
915,04-07-2017,68772
916,05-07-2017,62215
917,06-07-2017,58031
918,07-07-2017,45636
919,08-07-2017,0
920,09-07-2017,10800
921,10-07-2017,67256
922,11-07-2017,57393
923,12-07-2017,55594
924,13-07-2017,47559
925,14-07-2017,40384
926,15-07-2017,0
927,16-07-2017,7699
928,17-07-2017,60022
929,18-07-2017,56202
930,19-07-2017,46412
931,20-07-2017,46078
932,21-07-2017,36544
933,22-07-2017,0
934,23-07-2017,8041
935,24-07-2017,58657
936,25-07-2017,53931
937,26-07-2017,50266
938,27-07-2017,47777
939,28-07-2017,41041
940,29-07-2017,0
941,30-07-2017,8838
942,31-07-2017,69819
943,01-08-2017,63388
944,02-08-2017,60758
945,03-08-2017,57068
946,04-08-2017,49455
947,05-08-2017,0
948,06-08-2017,11995
949,07-08-2017,75516
950,08-08-2017,66609
951,09-08-2017,62154
952,10-08-2017,60848
953,11-08-2017,49184
954,12-08-2017,0
955,13-08-2017,11728
956,14-08-2017,69808
957,15-08-2017,64949
958,16-08-2017,63874
959,17-08-2017,59581
960,18-08-2017,48118
961,19-08-2017,0
962,20-08-2017,11670
963,21-08-2017,71649
964,22-08-2017,66626
965,23-08-2017,60965
966,24-08-2017,57242
967,25-08-2017,46648
968,26-08-2017,0
969,27-08-2017,10646
970,28-08-2017,72027
971,29-08-2017,63192
972,30-08-2017,61600
973,31-08-2017,61981
974,01-09-2017,50854
975,02-09-2017,0
976,03-09-2017,12707
977,04-09-2017,79718
978,05-09-2017,72266
979,06-09-2017,68642
980,07-09-2017,65202
981,08-09-2017,56542
982,09-09-2017,0
983,10-09-2017,14657
984,11-09-2017,77759
985,12-09-2017,73103
986,13-09-2017,68603
987,14-09-2017,64498
988,15-09-2017,50888
989,16-09-2017,0
990,17-09-2017,15382
991,18-09-2017,73080
992,19-09-2017,66667
993,20-09-2017,63786
994,21-09-2017,59908
995,22-09-2017,40637
996,23-09-2017,0
997,24-09-2017,10771
998,25-09-2017,74782
999,26-09-2017,68880
1000,27-09-2017,63408
1001,28-09-2017,62580
1002,29-09-2017,52936
1003,30-09-2017,0
1004,01-10-2017,10410
1005,02-10-2017,84131
1006,03-10-2017,65366
1007,04-10-2017,67557
1008,05-10-2017,65688
1009,06-10-2017,57050
1010,07-10-2017,0
1011,08-10-2017,13373
1012,09-10-2017,80038
1013,10-10-2017,77302
1014,11-10-2017,70164
1015,12-10-2017,62399
1016,13-10-2017,52994
1017,14-10-2017,0
1018,15-10-2017,9475
1019,16-10-2017,69226
1020,17-10-2017,62226
1021,18-10-2017,58204
1022,19-10-2017,53170
1023,20-10-2017,48192
1024,21-10-2017,0
1025,22-10-2017,9545
1026,23-10-2017,74460
1027,24-10-2017,65785
1028,25-10-2017,62048
1029,26-10-2017,60984
1030,27-10-2017,51567
1031,28-10-2017,0
1032,29-10-2017,11752
1033,30-10-2017,79453
1034,31-10-2017,62250
1035,01-11-2017,63071
1036,02-11-2017,69422
1037,03-11-2017,56905
1038,04-11-2017,0
1039,05-11-2017,12962
1040,06-11-2017,82246
1041,07-11-2017,75679
1042,08-11-2017,71545
1043,09-11-2017,67554
1044,10-11-2017,56318
1045,11-11-2017,0
1046,12-11-2017,10682
1047,13-11-2017,79976
1048,14-11-2017,74792
1049,15-11-2017,72759
1050,16-11-2017,67675
1051,17-11-2017,56850
1052,18-11-2017,0
1053,19-11-2017,11376
1054,20-11-2017,80687
1055,21-11-2017,78343
1056,22-11-2017,70914
1057,23-11-2017,73730
1058,24-11-2017,76401
1059,25-11-2017,0
1060,26-11-2017,38136
1061,27-11-2017,123921
1062,28-11-2017,122876
1063,29-11-2017,99384
1064,30-11-2017,91894
1065,01-12-2017,85510
1066,02-12-2017,0
1067,03-12-2017,31356
1068,04-12-2017,107499
1069,05-12-2017,103368
1070,06-12-2017,94752
1071,07-12-2017,94218
1072,08-12-2017,80475
1073,09-12-2017,0
1074,10-12-2017,25810
1075,11-12-2017,115063
1076,12-12-2017,104467
1077,13-12-2017,115206
1078,14-12-2017,100599
1079,15-12-2017,87949
1080,16-12-2017,0
1081,17-12-2017,37078
1082,18-12-2017,120375
1083,19-12-2017,118558
1084,20-12-2017,103329
1085,21-12-2017,82421
1086,22-12-2017,49531
1087,23-12-2017,0
1088,24-12-2017,0
1089,25-12-2017,1
1090,26-12-2017,1
1091,27-12-2017,69618
1092,28-12-2017,62759
1093,29-12-2017,55297
1094,30-12-2017,0
1095,31-12-2017,1
1096,01-01-2018,2
1097,02-01-2018,90467
1098,03-01-2018,92626
1099,04-01-2018,83508
1100,05-01-2018,66184
1101,06-01-2018,0
1102,07-01-2018,17774
1103,08-01-2018,98128
1104,09-01-2018,81837
1105,10-01-2018,75265
1106,11-01-2018,68408
1107,12-01-2018,56378
1108,13-01-2018,0
1109,14-01-2018,9741
1110,15-01-2018,83391
1111,16-01-2018,77656
1112,17-01-2018,73050
1113,18-01-2018,65770
1114,19-01-2018,52164
1115,20-01-2018,0
1116,21-01-2018,14792
1117,22-01-2018,82008
1118,23-01-2018,73810
1119,24-01-2018,68899
1120,25-01-2018,64517
1121,26-01-2018,56468
1122,27-01-2018,0
1123,28-01-2018,12543
1124,29-01-2018,79773
1125,30-01-2018,74304
1126,31-01-2018,67504
1127,01-02-2018,65498
1128,02-02-2018,59549
1129,03-02-2018,0
1130,04-02-2018,12870
1131,05-02-2018,85068
1132,06-02-2018,79518
1133,07-02-2018,72188
1134,08-02-2018,66624
1135,09-02-2018,57857
1136,10-02-2018,0
1137,11-02-2018,11832
1138,12-02-2018,81418
1139,13-02-2018,68702
1140,14-02-2018,57828
1141,15-02-2018,54207
1142,16-02-2018,48531
1143,17-02-2018,0
1144,18-02-2018,11699
1145,19-02-2018,70458
1146,20-02-2018,63070
1147,21-02-2018,60572
1148,22-02-2018,56702
1149,23-02-2018,48586
1150,24-02-2018,0
1151,25-02-2018,9592
1152,26-02-2018,80696
1153,27-02-2018,70302
1154,28-02-2018,65869
1155,01-03-2018,63738
1156,02-03-2018,56382
1157,03-03-2018,0
1158,04-03-2018,18480
1159,05-03-2018,81856
1160,06-03-2018,73161
1161,07-03-2018,67583
1162,08-03-2018,65191
1163,09-03-2018,53148
1164,10-03-2018,0
1165,11-03-2018,11780
1166,12-03-2018,77196
1167,13-03-2018,72553
1168,14-03-2018,66388
1169,15-03-2018,62633
1170,16-03-2018,52225
1171,17-03-2018,0
1172,18-03-2018,17007
1173,19-03-2018,77799
1174,20-03-2018,69822
1175,21-03-2018,65429
1176,22-03-2018,60014
1177,23-03-2018,55235
1178,24-03-2018,0
1179,25-03-2018,10727
1180,26-03-2018,78274
1181,27-03-2018,68796
1182,28-03-2018,57736
1183,29-03-2018,1
1184,30-03-2018,1
1185,31-03-2018,0
1186,01-04-2018,1
1187,02-04-2018,24246
1188,03-04-2018,105055
1189,04-04-2018,98061
1190,05-04-2018,86614
1191,06-04-2018,67651
1192,07-04-2018,0
1193,08-04-2018,30372
1194,09-04-2018,85711
1195,10-04-2018,91504
1196,11-04-2018,84864
1197,12-04-2018,76430
1198,13-04-2018,63273
1199,14-04-2018,0
1200,15-04-2018,16435
1201,16-04-2018,84067
1202,17-04-2018,81539
1203,18-04-2018,73705
1204,19-04-2018,69583
1205,20-04-2018,57924
1206,21-04-2018,0
1207,22-04-2018,15753
1208,23-04-2018,83807
1209,24-04-2018,77650
1210,25-04-2018,75147
1211,26-04-2018,66285
1212,27-04-2018,1
1213,28-04-2018,0
1214,29-04-2018,28357
1215,30-04-2018,95624
1216,01-05-2018,78463
1217,02-05-2018,82665
1218,03-05-2018,79710
1219,04-05-2018,69093
1220,05-05-2018,0
1221,06-05-2018,20310
1222,07-05-2018,88112
1223,08-05-2018,79359
1224,09-05-2018,77243
1225,10-05-2018,115
1226,11-05-2018,62636
1227,12-05-2018,0
1228,13-05-2018,17915
1229,14-05-2018,89640
1230,15-05-2018,81376
1231,16-05-2018,74088
1232,17-05-2018,70079
1233,18-05-2018,58577
1234,19-05-2018,0
1235,20-05-2018,1
1236,21-05-2018,17145
1237,22-05-2018,90915
1238,23-05-2018,84247
1239,24-05-2018,71044
1240,25-05-2018,57073
1241,26-05-2018,0
1242,27-05-2018,17584
1243,28-05-2018,79212
1244,29-05-2018,73257
1245,30-05-2018,68667
1246,31-05-2018,65707
1247,01-06-2018,56667
1248,02-06-2018,0
1249,03-06-2018,16201
1250,04-06-2018,81567
1251,05-06-2018,14
1252,06-06-2018,94635
1253,07-06-2018,93658
1254,08-06-2018,70955
1255,09-06-2018,0
1256,10-06-2018,21430
1257,11-06-2018,87518
1258,12-06-2018,80641
1259,13-06-2018,76775
1260,14-06-2018,74093
1261,15-06-2018,64338
1262,16-06-2018,0
1263,17-06-2018,16914
1264,18-06-2018,85139
1265,19-06-2018,82702
1266,20-06-2018,70122
1267,21-06-2018,66545
1268,22-06-2018,51892
1269,23-06-2018,0
1270,24-06-2018,10892
1271,25-06-2018,84055
1272,26-06-2018,72087
1273,27-06-2018,64810
1274,28-06-2018,63939
1275,29-06-2018,54257
1276,30-06-2018,0
1277,01-07-2018,10468
1278,02-07-2018,79606
1279,03-07-2018,69420
1280,04-07-2018,66242
1281,05-07-2018,62602
1282,06-07-2018,52653
1283,07-07-2018,0
1284,08-07-2018,11264
1285,09-07-2018,70617
1286,10-07-2018,61662
1287,11-07-2018,57106
1288,12-07-2018,53169
1289,13-07-2018,45947
1290,14-07-2018,0
1291,15-07-2018,10544
1292,16-07-2018,62138
1293,17-07-2018,55887
1294,18-07-2018,49421
1295,19-07-2018,46800
1296,20-07-2018,41892
1297,21-07-2018,0
1298,22-07-2018,9306
1299,23-07-2018,59521
1300,24-07-2018,53132
1301,25-07-2018,50743
1302,26-07-2018,48498
1303,27-07-2018,43385
1304,28-07-2018,0
1305,29-07-2018,9376
1306,30-07-2018,69468
1307,31-07-2018,62260
1308,01-08-2018,59425
1309,02-08-2018,60031
1310,03-08-2018,52373
1311,04-08-2018,0
1312,05-08-2018,11971
1313,06-08-2018,75607
1314,07-08-2018,67920
1315,08-08-2018,62808
1316,09-08-2018,61571
1317,10-08-2018,51243
1318,11-08-2018,0
1319,12-08-2018,10347
1320,13-08-2018,74934
1321,14-08-2018,72523
1322,15-08-2018,66862
1323,16-08-2018,64656
1324,17-08-2018,53953
1325,18-08-2018,0
1326,19-08-2018,10675
1327,20-08-2018,76684
1328,21-08-2018,69433
1329,22-08-2018,66164
1330,23-08-2018,62478
1331,24-08-2018,55199
1332,25-08-2018,0
1333,26-08-2018,9349
1334,27-08-2018,80503
1335,28-08-2018,71783
1336,29-08-2018,68111
1337,30-08-2018,65677
1338,31-08-2018,60860
1339,01-09-2018,0
1340,02-09-2018,18282
1341,03-09-2018,91425
1342,04-09-2018,83043
1343,05-09-2018,77424
1344,06-09-2018,71969
1345,07-09-2018,65142
1346,08-09-2018,0
1347,09-09-2018,17548
1348,10-09-2018,88278
1349,11-09-2018,82393
1350,12-09-2018,76267
1351,13-09-2018,69992
1352,14-09-2018,63059
1353,15-09-2018,0
1354,16-09-2018,15633
1355,17-09-2018,92081
1356,18-09-2018,76221
1357,19-09-2018,73390
1358,20-09-2018,67077
1359,21-09-2018,60474
1360,22-09-2018,0
1361,23-09-2018,15855
1362,24-09-2018,87188
1363,25-09-2018,77805
1364,26-09-2018,68501
1365,27-09-2018,73199
1366,28-09-2018,64547
1367,29-09-2018,0
1368,30-09-2018,24989
1369,01-10-2018,90923
1370,02-10-2018,83714
1371,03-10-2018,65272
1372,04-10-2018,80534
1373,05-10-2018,72170
1374,06-10-2018,0
1375,07-10-2018,20738
1376,08-10-2018,92234
1377,09-10-2018,83536
1378,10-10-2018,75442
1379,11-10-2018,77177
1380,12-10-2018,63786
1381,13-10-2018,0
1382,14-10-2018,17967
1383,15-10-2018,83018
1384,16-10-2018,71507
1385,17-10-2018,68099
1386,18-10-2018,60078
1387,19-10-2018,55449
1388,20-10-2018,0
1389,21-10-2018,16105
1390,22-10-2018,88010
1391,23-10-2018,78486
1392,24-10-2018,80876
1393,25-10-2018,75671
1394,26-10-2018,64526
1395,27-10-2018,0
1396,28-10-2018,12310
1397,29-10-2018,80791
1398,30-10-2018,76328
1399,31-10-2018,65936
1400,01-11-2018,78805
1401,02-11-2018,70204
1402,03-11-2018,0
1403,04-11-2018,13411
1404,05-11-2018,91184
1405,06-11-2018,88632
1406,07-11-2018,87021
1407,08-11-2018,72775
1408,09-11-2018,62546
1409,10-11-2018,0
1410,11-11-2018,18232
1411,12-11-2018,86689
1412,13-11-2018,85010
1413,14-11-2018,81837
1414,15-11-2018,70281
1415,16-11-2018,66210
1416,17-11-2018,0
1417,18-11-2018,18671
1418,19-11-2018,81858
1419,20-11-2018,83001
1420,21-11-2018,80474
1421,22-11-2018,83222
1422,23-11-2018,89331
1423,24-11-2018,0
1424,25-11-2018,81509
1425,26-11-2018,149299
1426,27-11-2018,110486
1427,28-11-2018,114990
1428,29-11-2018,110234
1429,30-11-2018,89638
1430,01-12-2018,0
1431,02-12-2018,45484
1432,03-12-2018,112314
1433,04-12-2018,108098
1434,05-12-2018,103675
1435,06-12-2018,96022
1436,07-12-2018,88914
1437,08-12-2018,0
1438,09-12-2018,33995
1439,10-12-2018,129554
1440,11-12-2018,110345
1441,12-12-2018,105734
1442,13-12-2018,102695
1443,14-12-2018,95817
1444,15-12-2018,0
1445,16-12-2018,57457
1446,17-12-2018,129420
1447,18-12-2018,115674
1448,19-12-2018,107900
1449,20-12-2018,74923
1450,21-12-2018,54535
1451,22-12-2018,0
1452,23-12-2018,0
1453,24-12-2018,0
1454,25-12-2018,0
1455,26-12-2018,0
1456,27-12-2018,81880
1457,28-12-2018,70590
1458,29-12-2018,0
1459,30-12-2018,0
1460,31-12-2018,0
